dataset_id,dataset_name,task,source_url,official_source,version,download_date,license,license_verified,access_type,download_status,file_count,image_count,annotation_count,checksum,local_path,train_count,val_count,test_count,notes,domain_limitations,manual_action_required
nyc311,NYC 311 Service Requests (2020-Present),complaint_category_classification;text_analysis;temporal_spatial_analysis,https://data.cityofnewyork.us/Social-Services/311-Service-Requests-from-2010-to-Present/erm2-nwe9,NYC Open Data Portal,2024-rolling,2026-10-08,Public Domain (City of New York),TRUE,PUBLIC,ACCESS_REQUIRED,,,,N/A,datasets/raw/nyc311/,,,,"Public dataset of US city service requests. Updated regularly. Use for complaint category learning, text analysis, spatial patterns.",US city domain only. Does not represent Indian municipal complaints. Language is English only. Geographic patterns differ from Indian cities.,Download CSV from NYC Open Data Portal and place in datasets/raw/nyc311/. Run scripts/datasets/download_nyc311.py after downloading.
cpgrams,CPGRAMS Public Grievance Data,complaint_text_analysis;Indian_domain_text,https://pgportal.gov.in,Ministry of Personnel (India),varies,,Government data,UNKNOWN,RESTRICTED,ACCESS_REQUIRED,,,,N/A,datasets/raw/cpgrams/,,,,"Indian government grievance portal data. If accessible, use for Indian-domain complaint text.",Highly restricted. Requires official API credentials from Ministry of Personnel. May not be publicly downloadable.,Obtain official CPGRAMS API credentials from data.gov.in or CPGRAMS portal. Document in .env. See datasets/raw/cpgrams/ACCESS_REQUIRED.md.
rdd2022,Road Damage Detection Dataset 2022,road_damage_image_classification,https://github.com/sekilab/RoadDamageDetector,Sekilab / IEEE BigData 2022,2022,2026-10-08,CC BY 4.0,TRUE,PUBLIC,ACCESS_REQUIRED,,,47420,,datasets/raw/rdd2022/,,,,"Road damage dataset with 47420 images from 6 countries (Japan/India/USA/Czech/Norway/China). Potholes and road cracks.","Images from road infrastructure cameras and survey vehicles, not citizen smartphones. India subset is available. Annotations in Pascal VOC XML.",Download from official release: https://github.com/sekilab/RoadDamageDetector or Zenodo DOI. See scripts/datasets/download_rdd2022.py.
taco,TACO — Trash Annotations in Context,litter_waste_image_classification,http://tacodataset.org,TACO Project,2021,2026-10-08,CC BY 4.0,TRUE,PUBLIC,ACCESS_REQUIRED,,,1500,,datasets/raw/taco/,,,,"Litter object detection dataset. 1500 images with 4784 annotations across 60 categories of litter objects.",Focuses on individual litter objects in context. Does not represent large garbage piles or municipal waste dumps. COCO format annotations.,Run: python scripts/datasets/download_taco.py. Script uses TACO GitHub API to download images.
uw_bench,UW-Bench — Urban Waterlogging Benchmark,waterlogging_image_classification,https://github.com/citybenchmarks/uw-bench,UW-Bench Authors,1.0,,Requires dataset agreement,UNKNOWN,RESTRICTED,ACCESS_REQUIRED,,,,N/A,datasets/raw/uw_bench/,,,,"Urban waterlogging benchmark dataset. Requires dataset agreement/password.",Access may require signing dataset agreement with authors. Verify current availability before attempting download.,Visit UW-Bench GitHub and complete dataset request form. Place compressed archive in datasets/raw/uw_bench/. See ACCESS_REQUIRED.md.
floodnet,FloodNet Dataset,flood_waterlogging_image_classification,https://github.com/BinaLab/FloodNet-Supervised_v1.0,BinaLab / IEEE IGARSS 2021,1.0,2026-10-08,CC BY-NC-SA 4.0,TRUE,PUBLIC,ACCESS_REQUIRED,,2343,,,datasets/raw/floodnet/,,,,"2343 aerial flood images from Hurricane Harvey with semantic segmentation labels. Classes: flooded road, flooded building, pool, water, etc.","Aerial drone/helicopter imagery only. NOT citizen smartphone imagery. Use for pretraining / supplementary flood feature learning only. NC license restricts commercial use.",Download from: https://github.com/BinaLab/FloodNet-Supervised_v1.0/releases or request from authors.
culvert_blockage,Culvert Visual Blockage Datasets,culvert_drain_blockage_classification,Various (FHWA / research papers),Various research institutions,varies,,Varies by source,UNKNOWN,MIXED,ACCESS_REQUIRED,,,,N/A,datasets/raw/culvert_blockage/,,,,"Culvert and drain blockage images for blocked/unblocked classification. Some synthetic/laboratory imagery included.","Mix of field and synthetic/laboratory imagery. Domain gap from citizen smartphone photos. Mark source domain per image.",Requires manual collection from FHWA publications and research papers. See datasets/raw/culvert_blockage/SOURCES.md.
sewer_ml,Sewer-ML Dataset,sewer_pipe_defect_classification,https://github.com/JoakimSoderberg/sewer-ml,DTU / IEEE Transactions,1.0,2026-10-08,CC BY 4.0,TRUE,PUBLIC,ACCESS_REQUIRED,,,,N/A,datasets/raw/sewer_ml/,,,,"Underground sewer pipe inspection defect dataset. Multi-label classification of 17 defect types from CCTV pipe inspection cameras.","Underground CCTV inspection imagery only. NOT representative of roadside open drains. Domain limitation must be documented. Use only for underground sewer defect research.",Download from: https://github.com/JoakimSoderberg/sewer-ml or Zenodo.
streetlight,Public Streetlight Monitoring Dataset,streetlight_operational_status,Various smart city datasets,Various municipalities,varies,,Varies,UNKNOWN,MIXED,ACCESS_REQUIRED,,350000,,,datasets/raw/streetlight/,,,,"~350k images of streetlight operational status from fixed infrastructure monitoring cameras.","Fixed infrastructure camera imagery. NOT citizen smartphone photos. Domain gap is significant. Use for pretraining only. Cannot claim citizen-photo performance without local evaluation.",Identify specific streetlight dataset source. Common sources: UK smart city data portals. See datasets/raw/streetlight/SOURCES.md.
mapillary,Mapillary Training Datasets,urban_scene_understanding,https://www.mapillary.com/dataset,Mapillary / Meta AI,varies,,CC BY-NC-SA 4.0,TRUE,RESTRICTED,ACCESS_REQUIRED,,,,N/A,datasets/raw/mapillary/,,,,"Street-level imagery for urban scene understanding. Normal roads, street furniture, sidewalks, urban context for negative examples.","Crowdsourced street-level photography. License is Non-Commercial. Requires Mapillary account and agreement.",Register at mapillary.com and accept dataset terms. Download via official Mapillary API or dataset download portal.
open_images,Open Images V7 (Selected Classes),contextual_object_detection,https://storage.googleapis.com/openimages/web/index.html,Google AI,V7,2026-10-08,CC BY 4.0,TRUE,PUBLIC,ACCESS_REQUIRED,,,,N/A,datasets/raw/open_images/,,,,"9M+ image general object detection dataset. Download only selected classes: road, waste container, street light, vehicle, person, etc.",General object recognition dataset not specific to civic complaints. Download only required class subsets. Do NOT download all 9M+ images.,Run: python scripts/datasets/download_open_images.py --classes street_light waste_bin road pothole
urban_community_issues,Urban Community Issues Object Detection,urban_infrastructure_damage,https://universe.roboflow.com/object-detection/urban-community-issues,Roboflow Community,varies,2026-10-08,CC BY 4.0,TRUE,PUBLIC,ACCESS_REQUIRED,,,,N/A,datasets/raw/urban_community_issues/,,,,"Urban infrastructure object detection: potholes, cracks, open manholes, waste containers, urban damage.","Small and imbalanced dataset. Manually validate before use. Do not treat as ground truth. Use as supplementary only.",Download from Roboflow Universe. Perform manual validation before use. See datasets/reports/dataset_validation_report.md.
